klostrad-takhogt-228-260-cm-beige	takhögt klösträd	klösträd golv till tak	klösträd med plattformar
klostrad-takhogt-228-260-cm-gra	takhögt klösträd	klösträd golv till tak	klösträd med plattformar
klostrad-takhogt-228-260-cm-ljusbrun	takhögt klösträd	klösträd golv till tak	klösträd med plattformar
klostrad-fem-plan-230-260-cm-beige	klösträd fem plan	högt klösträd	klösträd med sisalstam
klostrad-fem-plan-230-260-cm-gra	klösträd fem plan	högt klösträd	klösträd med sisalstam
klostrad-fem-plan-230-260-cm-morkbrun	klösträd fem plan	högt klösträd	klösträd med sisalstam
klostunna-100-cm-tva-grottor-cremevit	klöstunna	klösträd med grottor	kattmöbel med bädd
klostunna-100-cm-tva-grottor-gra	klöstunna	klösträd med grottor	kattmöbel med bädd
baddfatolj-med-armstod-bla	bäddfåtölj med armstöd	bäddfåtölj i gummiträ	fåtölj som blir säng
baddfatolj-med-armstod-taupe	bäddfåtölj med armstöd	bäddfåtölj i gummiträ	fåtölj som blir säng
baddfatolj-med-armstod-morkgra	bäddfåtölj med armstöd	bäddfåtölj i gummiträ	fåtölj som blir säng
baddfatolj-med-armstod-svart	bäddfåtölj med armstöd	bäddfåtölj i gummiträ	fåtölj som blir säng
baddfatolj-med-armstod-beige	bäddfåtölj med armstöd	bäddfåtölj i gummiträ	fåtölj som blir säng
baddfatolj-gastsang-180-cm-morkgra	bäddfåtölj gästsäng	fåtölj som blir gästsäng	hopfällbar gästsäng
baddfatolj-gastsang-180-cm-bla	bäddfåtölj gästsäng	fåtölj som blir gästsäng	hopfällbar gästsäng
baddfatolj-gastsang-180-cm-beige	bäddfåtölj gästsäng	fåtölj som blir gästsäng	hopfällbar gästsäng
snurrfatolj-60-cm-gul	snurrfåtölj	liten snurrfåtölj	fåtölj med knappad rygg
snurrfatolj-60-cm-cremevit	snurrfåtölj	liten snurrfåtölj	fåtölj med knappad rygg
snurrfatolj-60-cm-morkgra	snurrfåtölj	liten snurrfåtölj	fåtölj med knappad rygg
snurrfatolj-60-cm-svart	snurrfåtölj	liten snurrfåtölj	fåtölj med knappad rygg
reclinerfatolj-graddvit-med-fotpall	reclinerfåtölj med fotpall	reclinerfåtölj i konstläder	vilstol med fotpall
reclinerfatolj-svart-med-fotpall	reclinerfåtölj med fotpall	reclinerfåtölj i konstläder	vilstol med fotpall
biofatolj-svart-med-fotpall	biofåtölj	biofåtölj med fotpall	fåtölj som snurrar
biofatolj-grabrun-med-fotpall	biofåtölj	biofåtölj med fotpall	fåtölj som snurrar
baddfatolj-190-cm-ljusgra	bäddfåtölj 190 cm	bäddfåtölj sex ryggvinklar	fåtölj som blir säng
baddfatolj-190-cm-cremevit	bäddfåtölj 190 cm	bäddfåtölj sex ryggvinklar	fåtölj som blir säng
baddfatolj-190-cm-beige	bäddfåtölj 190 cm	bäddfåtölj sex ryggvinklar	fåtölj som blir säng
baddfatolj-190x80-cm-morkgra	bred bäddfåtölj	bäddfåtölj 80 cm bred	fåtölj som blir säng
baddfatolj-190x80-cm-bla	bred bäddfåtölj	bäddfåtölj 80 cm bred	fåtölj som blir säng
baddfatolj-manchester-90-cm-morkgra	bäddfåtölj i manchester	manchesterfåtölj	klick-klack bäddfåtölj
baddfatolj-manchester-90-cm-beige	bäddfåtölj i manchester	manchesterfåtölj	klick-klack bäddfåtölj
baddfatolj-98-cm-armstod-ljusbrun	bäddfåtölj 98 cm	bred bäddfåtölj	bäddfåtölj med armstöd
gungfatolj-fotpall-linnelook-gra	gungfåtölj med fotpall	gungfåtölj i linnelook	gungstol för vardagsrum
gungfatolj-fotpall-linnelook-beige	gungfåtölj med fotpall	gungfåtölj i linnelook	gungstol för vardagsrum
gungfatolj-graddvit-med-fotpall	gungfåtölj i konstläder	gungfåtölj med fotpall	gungstol för vardagsrum
gungfatolj-svart-med-fotpall	gungfåtölj i konstläder	gungfåtölj med fotpall	gungstol för vardagsrum
relaxfatolj-graddvit-med-fotpall	relaxfåtölj med fotpall	relaxfåtölj i konstläder	vilfåtölj som snurrar
relaxfatolj-svart-med-fotpall	relaxfåtölj med fotpall	relaxfåtölj i konstläder	vilfåtölj som snurrar
vilfatolj-graddvit-med-fotpall	vilfåtölj med förvaring	vilfåtölj med fotpall	fotpall med förvaring
vilfatolj-morkgra-med-fotpall	vilfåtölj med förvaring	vilfåtölj med fotpall	fotpall med förvaring
loungefatolj-ljusgra-med-fotpall	loungefåtölj med fotpall	bred loungefåtölj	fåtölj med snurrfot
loungefatolj-bla-med-fotpall	loungefåtölj med fotpall	bred loungefåtölj	fåtölj med snurrfot
loungefatolj-teddyfleece-77-cm	loungefåtölj i teddyfleece	bred loungefåtölj	mysfåtölj
lasfatolj-gra-160-grader	läsfåtölj med fotstöd	läsfåtölj med hög rygg	fåtölj som fälls bakåt
lasfatolj-ljusbeige-160-grader	läsfåtölj med fotstöd	läsfåtölj med hög rygg	fåtölj som fälls bakåt
tv-fatolj-gra-med-inbyggt-fotstod	tv-fåtölj med fotstöd	tv-fåtölj som gungar	fåtölj med snurrfot
tv-fatolj-beige-med-inbyggt-fotstod	tv-fåtölj med fotstöd	tv-fåtölj som gungar	fåtölj med snurrfot
fatolj-furuben-linnelook-cremevit	fåtölj med furuben	låg fåtölj	fåtölj i linnelook
baddfatolj-sidofickor-183-cm	bäddfåtölj med sidofickor	bäddfåtölj med träarmstöd	fåtölj som blir säng
baddfatolj-90-cm-oeko-tex	bäddfåtölj 90 cm	bäddfåtölj med oeko-tex-tyg	bred bäddfåtölj
baddfatolj-186-cm-armstod-gra	bäddfåtölj 186 cm	bäddfåtölj i chenille	klick-klack bäddfåtölj
baddfatolj-hjul-181-cm-cremevit	bäddfåtölj på hjul	bäddfåtölj med sidofickor	fåtölj som blir säng
baddfatolj-188-cm-runda-armstod	bäddfåtölj 188 cm	bäddfåtölj med metallben	fåtölj som blir säng
golvsoffa-2-sits-193-cm	golvsoffa 2-sits	golvsoffa som bäddas ut	soffa på golvnivå
snurrfatolj-svart-stalfot	snurrfåtölj med fotpall	fåtölj på stålfot	snurrfåtölj i svart
hopfallbar-fatolj-bok-tre-lagen-grabla	hopfällbar fåtölj	fåtölj i bok	golvfåtölj som viks ihop
hopfallbar-fatolj-bok-tre-lagen-khaki	hopfällbar fåtölj	fåtölj i bok	golvfåtölj som viks ihop
