e4e62a4f	Bäddfåtölj med armstöd, 185 cm bädd – blå | Fyndplats	Bäddfåtölj i blått med armstöd i gummiträ. Ryggen fälls i fem lägen och blir en 185 cm lång bädd. Som fåtölj mäter den 63 × 73 cm.
1df737ee	Bäddfåtölj med armstöd, 183 cm bädd – taupe | Fyndplats	Bäddfåtölj i taupe med armstöd i gummiträ. Ryggen fälls i fem lägen och blir en 183 cm lång bädd. Som fåtölj mäter den 63 × 73 cm.
286f4e14	Bäddfåtölj med armstöd, 183 cm bädd – mörkgrå | Fyndplats	Bäddfåtölj i mörkgrått med armstöd i gummiträ. Ryggen fälls i fem lägen och blir en 183 cm lång bädd. Som fåtölj mäter den 63 × 73 cm.
c10d0b7e	Bäddfåtölj med armstöd, 183 cm bädd – svart | Fyndplats	Bäddfåtölj i svart med armstöd i gummiträ. Ryggen fälls i fem lägen och blir en 183 cm lång bädd. Som fåtölj mäter den 63 × 73 cm.
96a6b909	Bäddfåtölj med armstöd, 185 cm bädd – beige | Fyndplats	Bäddfåtölj i beige med armstöd i gummiträ. Ryggen fälls i fem lägen och blir en 185 cm lång bädd. Som fåtölj mäter den 63 × 73 cm.
8800a1b5	Bäddfåtölj som blir gästsäng 180 cm – mörkgrå | Fyndplats	Bäddfåtölj i mörkgrå sammetsimitation som fälls ut till en gästsäng på 180 × 75 cm. Fem ryggvinklar, 75 × 70 × 75 cm som fåtölj. Kudde ingår.
1663062d	Bäddfåtölj som blir gästsäng 180 cm – blå | Fyndplats	Bäddfåtölj i blå linnelook som fälls ut till en gästsäng på 180 × 75 cm. Fem ryggvinklar, 75 × 70 × 75 cm som fåtölj. Kudde ingår.
0f6ea98d	Bäddfåtölj som blir gästsäng 180 cm – beige | Fyndplats	Bäddfåtölj i beige linnelook som fälls ut till en gästsäng på 180 × 75 cm. Fem ryggvinklar, 75 × 70 × 75 cm som fåtölj. Kudde ingår.
543fd196	Snurrfåtölj 60 cm med knappad rygg – gul | Fyndplats	Gul snurrfåtölj som tar 60 × 61 cm av golvet och vrids ett helt varv på stället. Knappad rygg, ben i stål och 47 cm sitsbredd. Bär 120 kg.
bb0d9831	Snurrfåtölj 60 cm med knappad rygg – cremevit | Fyndplats	Cremevit snurrfåtölj som tar 60 × 61 cm av golvet och vrids ett helt varv på stället. Knappad rygg, ben i stål och 47 cm sitsbredd. Bär 120 kg.
ea30fc2a	Snurrfåtölj 60 cm med knappad rygg – mörkgrå | Fyndplats	Mörkgrå snurrfåtölj som tar 60 × 61 cm av golvet och vrids ett helt varv på stället. Knappad rygg, ben i stål och 47 cm sitsbredd. Bär 120 kg.
827314e4	Snurrfåtölj 60 cm med knappad rygg – svart | Fyndplats	Svart snurrfåtölj som tar 60 × 61 cm av golvet och vrids ett helt varv på stället. Knappad rygg, ben i stål och 47 cm sitsbredd. Bär 120 kg.
6a4e92c4	Reclinerfåtölj med fotpall – gräddvit | Fyndplats	Gräddvit reclinerfåtölj i konstläder med lös fotpall och fot i böjt trä. Ryggen fälls steglöst till 130° och fåtöljen snurrar 360°.
04feb176	Reclinerfåtölj med fotpall – svart | Fyndplats	Svart reclinerfåtölj i konstläder med lös fotpall och fot i böjt trä. Ryggen fälls steglöst till 130° och fåtöljen snurrar 360°.
07d52f21	Biofåtölj med fotpall, 56 cm sits – svart | Fyndplats	Svart biofåtölj i konstläder på fot i böjträ, med lös fotpall. Sitsen är 56 cm bred, ryggen fälls till 130° och stolen snurrar 360°.
ed930c42	Biofåtölj med fotpall, 56 cm sits – gråbrun | Fyndplats	Gråbrun biofåtölj i konstläder på fot i böjträ, med lös fotpall. Sitsen är 56 cm bred, ryggen fälls till 130° och stolen snurrar 360°.
57ba0224	Bäddfåtölj 190 cm, sex ryggvinklar – ljusgrå | Fyndplats	Bäddfåtölj i ljusgrå linnelook som fälls ut till en 190 cm lång bädd. Ryggen ställs i sex lägen från 100° till plant. Som fåtölj 72 × 78 × 79 cm.
583577bc	Bäddfåtölj 190 cm, sex ryggvinklar – cremevit | Fyndplats	Bäddfåtölj i cremevit linnelook som fälls ut till en 190 cm lång bädd. Ryggen ställs i sex lägen från 100° till plant. Som fåtölj 72 × 78 × 79 cm.
0559bbb2	Bäddfåtölj 190 cm, sex ryggvinklar – beige | Fyndplats	Bäddfåtölj i beige sammet som fälls ut till en 190 cm lång bädd. Ryggen ställs i sex lägen från 100° till plant. Som fåtölj 72 × 78 × 79 cm.
4abad4c4	Bäddfåtölj 190 × 80 cm bädd – mörkgrå | Fyndplats	Mörkgrå bäddfåtölj som fälls ut till en 190 × 80 cm bädd i ett grepp. Sitsen är 20 cm tjock och ryggen har fem lägen upp till 180°. Bär 120 kg.
38ca04a9	Bäddfåtölj 190 × 80 cm bädd – blå | Fyndplats	Blå bäddfåtölj som fälls ut till en 190 × 80 cm bädd i ett grepp. Sitsen är 20 cm tjock och ryggen har fem lägen upp till 180°. Bär 120 kg.
82798d95	Bäddfåtölj i manchester, 90 cm bädd – mörkgrå | Fyndplats	Mörkgrå bäddfåtölj i manchester med 90 × 190 cm bädd. Klick-klack fäller den från fåtölj till bädd i två steg, och ryggen har sex lägen.
dd2f1769	Bäddfåtölj i manchester, 90 cm bädd – beige | Fyndplats	Beige bäddfåtölj i manchester med 90 × 190 cm bädd. Klick-klack fäller den från fåtölj till bädd i två steg, och ryggen har sex lägen.
6efbe712	Bäddfåtölj med armstöd, 98 cm bädd – ljusbrun | Fyndplats	Ljusbrun bäddfåtölj med armstöd i gummiträ och en bädd på 183 × 98 cm. Ryggen ställs i fem lägen från 100° till plant, stommen är stål.
59544dc3	Gungfåtölj med fotpall i linnelook – grå | Fyndplats	Grå gungfåtölj i linnelook med lös fotpall. Stolen är 75 × 66 cm och 99 cm hög, sitsen 13 cm tjock med lös dyna på 9 cm. Bär 120 kg.
d551aa1d	Gungfåtölj med fotpall i linnelook – beige | Fyndplats	Beige gungfåtölj i linnelook med lös fotpall. Stolen är 75 × 66 cm och 99 cm hög, sitsen 13 cm tjock med lös dyna på 9 cm. Bär 120 kg.
fbba0de8	Gungfåtölj med fotpall, 135° – gräddvit | Fyndplats	Gräddvit gungfåtölj i konstläder på träfot, med lös fotpall. Ryggen fälls bakåt till 135° och stolen gungar — de två går att använda var för sig.
99e2d675	Gungfåtölj med fotpall, 135° – svart | Fyndplats	Svart gungfåtölj i konstläder på träfot, med lös fotpall. Ryggen fälls bakåt till 135° och stolen gungar — de två går att använda var för sig.
9946e1eb	Relaxfåtölj med fotpall, bär 160 kg – gräddvit | Fyndplats	Gräddvit relaxfåtölj i konstläder med stålram och fot i böjträ. Ryggen fälls till 145°, fåtöljen snurrar på foten och bär 160 kg. Fotpall ingår.
9794b6df	Relaxfåtölj med fotpall, bär 160 kg – svart | Fyndplats	Svart relaxfåtölj i konstläder med stålram och fot i böjträ. Ryggen fälls till 145°, fåtöljen snurrar på foten och bär 160 kg. Fotpall ingår.
87262869	Vilfåtölj med förvaring i fotpallen – gräddvit | Fyndplats	Gräddvit vilfåtölj i konstläder på träfot. Fotpallen är också förvaring: ett fack på 40 × 34 cm under dynan. Ryggen fälls till 145°, snurrar 360°.
7f437bac	Vilfåtölj med förvaring i fotpallen – mörkgrå | Fyndplats	Mörkgrå vilfåtölj i konstläder på träfot. Fotpallen är också förvaring: ett fack på 40 × 34 cm under dynan. Ryggen fälls till 145°, snurrar 360°.
8ca7b3c3	Loungefåtölj med fotpall, snurrfot – ljusgrå | Fyndplats	Ljusgrå loungefåtölj i chenille på stålfot, med lös fotpall. 78 cm bred, så du får plats att dra upp benen, och foten snurrar 360°.
79797c9a	Loungefåtölj med fotpall, snurrfot – blå | Fyndplats	Blå loungefåtölj i chenille på stålfot, med lös fotpall. 78 cm bred, så du får plats att dra upp benen, och foten snurrar 360°.
6d327e6b	Loungefåtölj i teddyfleece 77 cm – cremevit | Fyndplats	Cremevit loungefåtölj i teddyfleece med ländkudde. Stolen mäter 77 × 77 cm och är 83 cm hög, sitsen 16 cm tjock. Bär 120 kg.
9a2f6417	Läsfåtölj med inbyggt fotstöd, 160° – grå | Fyndplats	Grå läsfåtölj i linnelook med hög rygg och utsvängda sidor. Ryggen fälls till 160° med ett spänne på sidan, och fotstödet sitter i stommen.
dfb7fcbe	Läsfåtölj med inbyggt fotstöd, 160° – ljusbeige | Fyndplats	Ljusbeige läsfåtölj i linnelook med hög rygg och utsvängda sidor. Ryggen fälls till 160° med ett spänne på sidan, och fotstödet sitter i stommen.
ceae31c1	Tv-fåtölj med fotstöd och gungning – grå | Fyndplats	Grå tv-fåtölj i chenille med fotstödet inbyggt i stommen. Spaken fäller ryggen till 145° och kör ut fotstödet; upprätt gungar den och snurrar 360°.
1b39b14e	Tv-fåtölj med fotstöd och gungning – beige | Fyndplats	Beige tv-fåtölj i chenille med fotstödet inbyggt i stommen. Spaken fäller ryggen till 145° och kör ut fotstödet; upprätt gungar den och snurrar 360°.
c3e9b292	Låg fåtölj med furuben i linnelook – cremevit | Fyndplats	Cremevit fåtölj i linnelook på ben av furu, med lösa dynor i rygg och sits. 64 × 70 cm i golvyta och 72 cm hög. Bär 120 kg.
0761c9d0	Bäddfåtölj med sidofickor, 183 cm bädd | Fyndplats	Mörkgrå bäddfåtölj med svängda träarmstöd och två sidofickor. Fälls ut åt höger till en 183 cm lång bädd, och sitsen är 33 cm tjock.
0317a03e	Bäddfåtölj 90 cm bred, OEKO-TEX-tyg | Fyndplats	Mörkgrå bäddfåtölj i linnelook med 90 cm bred bädd och ryggen i tre lägen. Stomme i eukalyptusträ med S-fjädrar, OEKO-TEX-certifierat tyg.
02925ee6	Bäddfåtölj 186 cm, ryggen i fem lägen – grå | Fyndplats	Grå bäddfåtölj i chenille med armstöd och ryggen i fem lägen. Klick-klack fäller den till en 186 cm lång bädd. Monteras på tio minuter.
6a204d58	Bäddfåtölj på hjul, 181 cm liggyta – cremevit | Fyndplats	Cremevit bäddfåtölj i chenille på hjul, med sidofickor och 181 cm liggyta. Klick-klack och en rem gör att den fälls om utan att lyftas.
1706c47d	Bäddfåtölj 188 cm med runda armstödskuddar | Fyndplats	Ljusgrå bäddfåtölj i linnelook med runda armstödskuddar och sneda metallben. Ryggen har fem lägen; plan blir den en 188 cm lång bädd.
3c81a3a6	Golvsoffa 2-sits, bäddas ut till 193 × 138 cm | Fyndplats	Golvsoffa för två som viks ut till en bädd på 193 × 138 cm — dubbelsängsbredd på golvnivå. Väger 18 kg, kräver ingen montering, bär 250 kg.
5d150926	Fåtölj med fotpall på stålfot – svart | Fyndplats	Svart snurrfåtölj med lös fotpall på rund stålfot. Stolen tar 71 × 69 cm i golvyta och är 104 cm hög. Bär 150 kg.
1e6872c7	Hopfällbar fåtölj i bok, tre lägen – gråblå | Fyndplats	Gråblå hopfällbar fåtölj i bok med 14 cm tjock bomullsdyna. Ryggen har tre lägen och stolen viks ihop till 14 cm. Väger 10,9 kg.
45512a52	Hopfällbar fåtölj i bok, tre lägen – khaki | Fyndplats	Khaki hopfällbar fåtölj i bok med 14 cm tjock bomullsdyna. Ryggen har tre lägen och stolen viks ihop till 14 cm. Väger 10,9 kg.
