ced08fe0	1	b379ce_5330d8f5d32745ea9de1ebd7a110edb4~mv2.jpg
ced08fe0	2	b379ce_ce3f6d3654df4f58863d85f9199e08a9~mv2.jpg
ced08fe0	3	b379ce_5bbc766ebdd34994b0ff84a91f240c4b~mv2.jpg
ced08fe0	4	b379ce_76ce92b5f94c4e919867706d93980bf6~mv2.jpg
ced08fe0	5	b379ce_13ba6cb1f47c4348bca1fa73d9c25af4~mv2.jpg
2571c73a	1	b379ce_ff3d53762694438a8ec839ccc85467ca~mv2.jpg
2571c73a	2	b379ce_843f930f2e4140029789d0e072ec861e~mv2.jpg
2571c73a	3	b379ce_707e137d385d40d986df1c7ee94b46a8~mv2.jpg
2571c73a	4	b379ce_18b7ca5da02743e1b44ac092f7cec922~mv2.jpg
2571c73a	5	b379ce_6f262c7cb2434d0883e49b1a154de433~mv2.jpg
dfcef1e9	1	b379ce_0081dace31ee4f98ab17c0ff34796b8c~mv2.jpg
dfcef1e9	2	b379ce_d9a038341ddc4e6580486a821f001dcb~mv2.jpg
dfcef1e9	3	b379ce_d1dc4dd46a4e4e858e4c5c0773991578~mv2.jpg
dfcef1e9	4	b379ce_5fd94a81fe3a4b60b634101ce3255ad1~mv2.jpg
dfcef1e9	5	b379ce_5b8ea6e2ebf5404bbefb16a3ecd126e2~mv2.jpg
94d330fb	1	b379ce_611b5d267715474e9091a5c605c4c3b3~mv2.jpg
94d330fb	2	b379ce_3c1c00b877cd4fa19f65bc12153efc31~mv2.jpg
94d330fb	3	b379ce_93c909c966ae4f16b9051b3ed7f62d22~mv2.jpg
94d330fb	4	b379ce_2fa269e24f7943e399c342a0711c4675~mv2.jpg
94d330fb	5	b379ce_16ef61abf65141889d5df3fdcb58cc8b~mv2.jpg
5531de28	1	b379ce_b9c53e41675e41778455e3e8b6557cec~mv2.jpg
5531de28	2	b379ce_99359b916cea4f27b88cc1db629e3330~mv2.jpg
5531de28	3	b379ce_1412c6b4199f488ebf4454e4c38a7136~mv2.jpg
5531de28	4	b379ce_4353b9c0d69a464f8738bc9a8436d4b7~mv2.jpg
5531de28	5	b379ce_b53736f274324f99b655c0a69862faae~mv2.jpg
166fdb52	1	b379ce_b387fe178a0e485392e50835a0671c77~mv2.jpg
166fdb52	2	b379ce_62427f09b4324f8baab215c2acd33e57~mv2.jpg
166fdb52	3	b379ce_935188d81824426da447d168b59f51e5~mv2.jpg
166fdb52	4	b379ce_b5219daa690c4cb1b509b2134f446c71~mv2.jpg
166fdb52	5	b379ce_a9bc51a59db7400eaff847a9d054319f~mv2.jpg
d2f7876e	1	b379ce_36da5a4222c84fba823938de6e29b745~mv2.jpg
d2f7876e	2	b379ce_9df481c644b045458b13366c3d81324b~mv2.jpg
d2f7876e	3	b379ce_59fb4b2d8a5f44d3911933a9941ecdc0~mv2.jpg
d2f7876e	4	b379ce_8e50fdfd96e243dba21d98ca57a8b29c~mv2.jpg
d2f7876e	5	b379ce_29ba836097314c26ba815d59680e2e8e~mv2.jpg
