7cdc167c	1	Eldriven fyrhjuling för barn i lila och svart med breda mönstrade däck och tända strålkastare, mot vit bakgrund
7cdc167c	2	Ett barn kör fyrhjulingen på en gångväg i en trädgård
67d2d4f6	1	Eldriven motorcykel för barn i grönt och svart med luftfyllda däck och fjädring fram
67d2d4f6	2	Ett barn med hjälm kör motorcykeln på en grusväg
67d2d4f6	3	Måttskiss på motorcykeln med 119 cm längd, 64 cm bredd, 76,5 cm höjd och sitsen 48,5 cm
3c13da94	1	Eldriven fyrhjuling för barn i gult och svart med tända strålkastare, mot vit bakgrund
3c13da94	2	Ett barn står bredvid den gula fyrhjulingen på en gångväg
3c13da94	3	Måttskiss på fyrhjulingen med 109 cm längd, 69 cm bredd, 75 cm höjd och sitsen 38 × 28 cm
3c13da94	5	Fyra vyer av den gula fyrhjulingen framifrån, bakifrån och från sidan
fc2b894a	1	Svart tvåsitsig elbil för barn i Maserati-modell med två barn i sätet, mot vit bakgrund
fc2b894a	2	Två barn kör den svarta elbilen på en grusgång framför en grind
fc2b894a	5	Fyra vyer av den svarta elbilen ovanifrån, från sidan, framifrån och bakifrån
240d5d8f	1	Svart elbil för barn i Mercedes-AMG GLC 63 S-modell med tända strålkastare, mot vit bakgrund
240d5d8f	2	Ett barn kör den svarta elbilen på en gångväg utanför ett hus
240d5d8f	5	Närbild på instrumentpanelen med hastighetsmätare, USB-uttag och högtalargaller
f18ef690	1	Svart och turkos elgokart för barn i Mercedes-AMG PETRONAS F1-design, mot vit bakgrund
f18ef690	2	Ett barn med hjälm kör elgokarten på en racerbana
f18ef690	4	Närbild på gokartens ratt och förarplats med bälte
f18ef690	5	Elgokarten står på asfalten framför en läktare
9c6052be	1	Gul eltraktor för barn med tippbart flak och lastramp, mot vit bakgrund
9c6052be	2	Ett barn med gul hjälm kör den gula traktorn på en gräsmatta
9c6052be	3	Måttskiss på traktorn med 97 cm längd, 63 cm bredd, 53 cm höjd och hjul på 22 cm
9c6052be	4	Närbild på ratten och instrumentpanelen med två mätare
9c6052be	5	Närbild på knapparna i panelen bredvid ratten
91d28d6f	1	Blå eltraktor för barn med avtagbar släpvagn med sidogrindar, mot vit bakgrund
91d28d6f	2	Ett barn kör den blå traktorn med släpvagnen på en grusväg vid ett fält
91d28d6f	5	Fyra vyer av den blå traktorn med och utan släpvagn
