0064c439	1	b379ce_8b91caffee274cb8abd92904ffe94139~mv2.jpg
0064c439	2	b379ce_e6c84eb4676b4e29b079db9ace1910d1~mv2.jpg
0064c439	3	b379ce_154698541a4b42939ed85960715dad07~mv2.jpg
0064c439	4	b379ce_03a09593320f4d9fa5e13f25c2af0acd~mv2.jpg
0064c439	5	b379ce_614e6c6bf64f499fa7f5625fc6177658~mv2.jpg
7ef22229	1	b379ce_a6512c2500284d9280251a7cdb882c16~mv2.jpg
7ef22229	2	b379ce_b042f52b38214e0f980cd191f387bd40~mv2.jpg
7ef22229	3	b379ce_2d86bce0094a416f85210d09debae710~mv2.jpg
7ef22229	4	b379ce_56dd5dd9e21140789002ad4474d23c9c~mv2.jpg
7ef22229	5	b379ce_7ee3bee2823646e1a63c49ce56831de1~mv2.jpg
a4ea1b4d	1	b379ce_2d84d4cd030c48d9bcc0fa5add9b4635~mv2.jpg
a4ea1b4d	2	b379ce_7f511216424f4c5db70ec1941ebcc01a~mv2.jpg
a4ea1b4d	3	b379ce_3ba1354611d54e048ef3b8d47d9c5da7~mv2.jpg
a4ea1b4d	4	b379ce_c10b63b757dd41dd95477cde7861ba5e~mv2.jpg
a4ea1b4d	5	b379ce_54da5b2f0d9744dd9e7489fbc40b3aa9~mv2.jpg
ac2fb38c	1	b379ce_efeb7bff605f405eb1ea9193a524a4a2~mv2.jpg
ac2fb38c	2	b379ce_f6dbae4989e3420e9eb45cc86cd0c88b~mv2.jpg
ac2fb38c	3	b379ce_8efe2f2fb29d47daac4124390283cbcf~mv2.jpg
ac2fb38c	4	b379ce_45226e6306ce4f33913ec69fcf848d2b~mv2.jpg
ac2fb38c	5	b379ce_ce5a61c6ed124db985c5a0285edf810d~mv2.jpg
bca22a86	1	b379ce_abeae860abbd42b4b4c282c57d6ab6fc~mv2.jpg
bca22a86	2	b379ce_35c7ae2e7b2e44c5b3057c064de19f34~mv2.jpg
bca22a86	3	b379ce_92386e7db0e442a59f4003521c7b483b~mv2.jpg
bca22a86	4	b379ce_5b6089ada9da466cb97a4b85a8628e8d~mv2.jpg
bca22a86	5	b379ce_5775a99322f74772aed60925883570ee~mv2.jpg
c0134bdf	1	b379ce_55b10c26341a43f18a5f381fc2c79a61~mv2.jpg
c0134bdf	2	b379ce_427a717ed4d940c08b57fa5122805e1e~mv2.jpg
c0134bdf	3	b379ce_9ddf40ca9c464dfdb75cc247380ab684~mv2.jpg
c0134bdf	4	b379ce_6cb0b4d4e3d84acbbfb448ede2729360~mv2.jpg
c0134bdf	5	b379ce_d0d1d66cd08a44b798ddd9e11da0e5c8~mv2.jpg
d8033343	1	b379ce_fc328cab52ec490097af89dcd5a88d89~mv2.jpg
d8033343	2	b379ce_2867281fe8ad437293e1ae07b03dc26f~mv2.jpg
d8033343	3	b379ce_e371297b21bd4361ae0c72a2bb9a061e~mv2.jpg
d8033343	4	b379ce_71cc8191224b40df8cfdfcdbe16d17a3~mv2.jpg
d8033343	5	b379ce_8af6fd0b629d4467a442a9e1f717ff77~mv2.jpg
ed9f6e73	1	b379ce_877d98bd7de948c1af81d166e3d537d6~mv2.jpg
ed9f6e73	2	b379ce_63539c8a0239474fbe4fe8ac5c6886bf~mv2.jpg
ed9f6e73	3	b379ce_6b20406ae9a44a948bbab24e9036ccc4~mv2.jpg
ed9f6e73	4	b379ce_770df2fc07234b46967f16408fe7a638~mv2.jpg
ed9f6e73	5	b379ce_f190677a5d874f89b3c41873239585c6~mv2.jpg
