924a6f45	1	b379ce_a810ff89b5ff400983ad77b6b6288eba~mv2.jpg
924a6f45	2	b379ce_8facf46105584fceba56913414c48b6a~mv2.jpg
924a6f45	3	b379ce_c35bfabe64654031afb363eeea91a504~mv2.jpg
924a6f45	4	b379ce_c32316f4d27b4c6789ea80ade0abd1d2~mv2.jpg
924a6f45	5	b379ce_ca7569d357bf437084aaf0ae8507b383~mv2.jpg
d48decb1	1	b379ce_f25c89e72491411b8e042fb4d9751130~mv2.jpg
d48decb1	2	b379ce_a4093d82ed9847df91c630649d17298c~mv2.jpg
d48decb1	3	b379ce_4c8cfc014d2841f2aa712903327d9c17~mv2.jpg
d48decb1	4	b379ce_185900532e61497ebd5700f31422c41c~mv2.jpg
d48decb1	5	b379ce_fd8c3dddbd994c4d96dfe60c4617b86c~mv2.jpg
31cbadae	1	b379ce_f2634552ff884bccb621377958f33a8b~mv2.jpg
31cbadae	2	b379ce_bd71828fa2ab46e896da368b3f0d2db5~mv2.jpg
31cbadae	3	b379ce_35393f18b56745248bd77142671c977b~mv2.jpg
31cbadae	4	b379ce_6cf9b8d0089643ac8fc0658f5e54f334~mv2.jpg
31cbadae	5	b379ce_aaea4b6e18784e558ea17e9624e0e653~mv2.jpg
aef1b477	1	b379ce_de35a7da0f954e5aa395831ae5edf0c1~mv2.jpg
aef1b477	2	b379ce_dfe1997252414609b26fe215c847f79d~mv2.jpg
aef1b477	3	b379ce_d6a8d0125b494175a3c7bd644cbb98e6~mv2.jpg
aef1b477	4	b379ce_e5dddd6dde124dcb8cba09cfeb39badb~mv2.jpg
aef1b477	5	b379ce_23e65ad3c218471caab8e0fd8daacedf~mv2.jpg
09ae62db	1	b379ce_9fd6b3ea78934e948b4eaa67cdf083ed~mv2.jpg
09ae62db	2	b379ce_039c92d720784b38b70d480c00a1192e~mv2.jpg
09ae62db	3	b379ce_87007b689941459c827993fda69b6c96~mv2.jpg
09ae62db	4	b379ce_18cb273fbf5e4bcfabb5a8f7e6a78985~mv2.jpg
09ae62db	5	b379ce_edf3923289a941ce96b96ca993dc7a23~mv2.jpg
3829477a	1	b379ce_1c470260a74049e49ba9b0dd2a77f9bc~mv2.jpg
3829477a	2	b379ce_95500c7a63c54a198d4d6800f6f796c6~mv2.jpg
3829477a	3	b379ce_67ad8ede908341fa9a1bd091f055367b~mv2.jpg
3829477a	4	b379ce_c0390759028740e3b42e83065e3c7b9d~mv2.jpg
3829477a	5	b379ce_52c8a8c034a14026a573e4b8f8aa5911~mv2.jpg
94979299	1	b379ce_a362497f4b964188a6f01336915f2230~mv2.jpg
94979299	2	b379ce_5e042f8b26284bcba3e349a5830fb4ee~mv2.jpg
94979299	3	b379ce_3cae43b620524c30a4afe2cbf4f901b5~mv2.jpg
94979299	4	b379ce_a782184926c241cbbd886d9ebbb29d04~mv2.jpg
94979299	5	b379ce_934602c37ada47a9a5f5b7fb31962f89~mv2.jpg
820d5370	1	b379ce_23f5706d68f8448b8bd14b43bdac6e41~mv2.jpg
820d5370	2	b379ce_c34cb1b37f9c4aa3953b6835e637ee52~mv2.jpg
820d5370	3	b379ce_dd6ca63eb5c14b92be1908f42bc1cf08~mv2.jpg
820d5370	4	b379ce_a8aea9a4dcb741319d5650a637f7c248~mv2.jpg
820d5370	5	b379ce_95986cbdc5164c209b11710d49631c92~mv2.jpg
