29b8fb0c	1	b379ce_95764b6d3d4340d595e2880d77aa8b7f~mv2.jpg
29b8fb0c	2	b379ce_389d54c826904a6b80a68dc9cec2cc1e~mv2.jpg
29b8fb0c	3	b379ce_068f6d125d664027bbebefc883a4ab75~mv2.jpg
29b8fb0c	4	b379ce_ca8d7d44947e44649bba2e94a80826bd~mv2.jpg
29b8fb0c	5	b379ce_79481801189e4018a58685c411c9d93b~mv2.jpg
313117c8	1	b379ce_db7833c0fb5c4c3fb53853d6e97613bd~mv2.jpg
313117c8	2	b379ce_4a0a49b0e1f3498fb20d8cfe17c72bc0~mv2.jpg
313117c8	3	b379ce_988e4a8ef98245e69d0ca91656da8f48~mv2.jpg
313117c8	4	b379ce_d3df3d5db1b14adc93bc1c68bdbd69e8~mv2.jpg
313117c8	5	b379ce_2653111f28394ac3accc18ec15a16abd~mv2.jpg
a0c1af46	1	b379ce_f4e72ef8d7804695b879f8783afe00a1~mv2.jpg
a0c1af46	2	b379ce_1dcb37057ca54c698e3cf6287645b3af~mv2.jpg
a0c1af46	3	b379ce_4d691ee2e72b4924a736fcc96ee111eb~mv2.jpg
a0c1af46	4	b379ce_5d1a7bf8e17b479e8d849ad21ef65913~mv2.jpg
a0c1af46	5	b379ce_9d4855b4621b499f87a9692bab07e306~mv2.jpg
f61517b6	1	b379ce_d4bdc871caa64bbf82bc325deb89aa32~mv2.jpg
f61517b6	2	b379ce_509491eb378c4ef1b31e00f3c74f26e4~mv2.jpg
f61517b6	3	b379ce_89c65d43be7044b38584e51083e5e323~mv2.jpg
f61517b6	4	b379ce_814276422ba846d487520f424e09fc37~mv2.jpg
f61517b6	5	b379ce_1877a15d5fdd4e7c8262cbb67212807d~mv2.jpg
