bf2447a6	1	b379ce_de4826b87d6e4d19901e6eba610ac1f7~mv2.jpg
bf2447a6	2	b379ce_c277fb81d5044b869886934eb00b4c1d~mv2.jpg
bf2447a6	3	b379ce_27dbceeea9c44649865e5b55b62d6802~mv2.jpg
bf2447a6	4	b379ce_b47beea15cb44d039514406131e32331~mv2.jpg
bf2447a6	5	b379ce_1f9ddadb7ed6455588c64a856f4bf6d7~mv2.jpg
501a52e1	1	b379ce_eb2c7a94e2d04adbb9ec6d470976cc48~mv2.jpg
501a52e1	2	b379ce_eea152f0b1e14fae97e350be4d3f38f0~mv2.jpg
501a52e1	3	b379ce_505fd4e99318434187d6cad5a4cc9d22~mv2.jpg
501a52e1	4	b379ce_8686387e04304cd1a80f22de6c724dc2~mv2.jpg
501a52e1	5	b379ce_3e03542ab1a245aab80efc35ad5e9af5~mv2.jpg
a3a8d261	1	b379ce_1425c01db176492cb97f1bb715040a90~mv2.jpg
a3a8d261	2	b379ce_23d96c0b54f44af6830dcaf4c9ff1247~mv2.jpg
a3a8d261	3	b379ce_9117e64b45984ca2a421ec30475a110f~mv2.jpg
a3a8d261	4	b379ce_fe852b4d365c49008b41032fb24ca8ce~mv2.jpg
a3a8d261	5	b379ce_35c55493224c4d32a575ebfdd4b6b686~mv2.jpg
485cf3e8	1	b379ce_0c8f177304eb44dbb6827e5b41ed4f94~mv2.jpg
485cf3e8	2	b379ce_0a911da9a07740958acff0600700501e~mv2.jpg
485cf3e8	3	b379ce_68da65fc5ba942689ef7cc71f1389552~mv2.jpg
485cf3e8	4	b379ce_c883a195c5834ca99aec876c1fef7f40~mv2.jpg
485cf3e8	5	b379ce_e7b82cc1c81b4552908a9548d246a3c2~mv2.jpg
4635adcb	1	b379ce_c2b74582e4554e289b20707e659f90a1~mv2.jpg
4635adcb	2	b379ce_5ae100632df94b598d35817d176a504f~mv2.jpg
4635adcb	3	b379ce_f315fa09f4f14b8f82254692c560df36~mv2.jpg
4635adcb	4	b379ce_24a3300de39c4235a2b2e2dcdd90d699~mv2.jpg
4635adcb	5	b379ce_2009849af7b84ad0a2a33a76ce6e93dd~mv2.jpg
d3ee8cea	1	b379ce_d55a111e57b34fc8baf14d9c025d7dce~mv2.jpg
d3ee8cea	2	b379ce_b5003bb8edde4e64927ebfbd14c7f643~mv2.jpg
d3ee8cea	3	b379ce_2cac3228a6a046339d09ff5faa25492f~mv2.jpg
d3ee8cea	4	b379ce_7048c86f3eef4a0d9365abdc682c1e0e~mv2.jpg
d3ee8cea	5	b379ce_9cf4eeb9d8814767a0efc2e2ff0932bc~mv2.jpg
fcac3d22	1	b379ce_bb2cce0811b147b583eb44c15fae92e4~mv2.jpg
fcac3d22	2	b379ce_0d956e2d154a4cdb97588d7827ecd608~mv2.jpg
fcac3d22	3	b379ce_ed63e8bc4f1744ba9d7ee778b5190f83~mv2.jpg
fcac3d22	4	b379ce_0a79aea86fb546a4b9c2d9f7934ad1d3~mv2.jpg
fcac3d22	5	b379ce_a5e389d56d71467e980af0e66e6d15f5~mv2.jpg
8151ce59	1	b379ce_9bf4bf0201ee47138eebab1f1e6efdda~mv2.jpg
8151ce59	2	b379ce_1d1f6f0d74ca4279af036ca947c1ec63~mv2.jpg
8151ce59	3	b379ce_57abb007a94e48e284e4fc088b16b1e2~mv2.jpg
8151ce59	4	b379ce_225071b8fdb04d0caaed8fa4e46b7982~mv2.jpg
8151ce59	5	b379ce_6de9c12fec40497aad72c985a56cb75b~mv2.jpg
