25405611	b379ce_c3df7c6a7bf0428fb61c8ced7798aadb~mv2.jpg	Gul gungstol i manchester med bokmedar, mot vit bakgrund
25405611	b379ce_5f74a6a272f44992af7eb5925b183602~mv2.jpg	Gungstolen i ett vardagsrum med en person som läser
25405611	b379ce_dd66530702304f829cb8608e1beb6328~mv2.jpg	Närbild på den gula manchesterns lodräta kanaler på sitsen
25405611	b379ce_b1584848c95643fbb1bf899424119169~mv2.jpg	Gungstolens rygg och armstöd sedda snett bakifrån vid ett bord
25405611	b379ce_118d88911630461ba6345149d483ad80~mv2.jpg	Måttskiss: 98 × 71 cm golvyta, 101 cm höjd och 120 kg maxlast
3b5a67d9	b379ce_9140a29748744e2db97c410739b031e0~mv2.jpg	Ljusgrå gungstol i manchester med bokmedar, mot vit bakgrund
3b5a67d9	b379ce_674dd6f3d0774d59a655218da372f538~mv2.jpg	Gungstolen i ett vardagsrum med en person som läser
3b5a67d9	b379ce_ddd84545edb34cffbd94557c3a860823~mv2.jpg	Närbild på den ljusgrå manchesterns lodräta kanaler på ryggen
3b5a67d9	b379ce_460072f2e3104f94acdc9f53cdb9fa55~mv2.jpg	Sitsen och det svängda armstödet sedda snett uppifrån
3b5a67d9	b379ce_187a181b92e44f1da0805070dd98e76c~mv2.jpg	Måttskiss: 98 × 71 cm golvyta, 101 cm höjd, rygg 73 × 66 cm
3dbd4f08	b379ce_006b3661ad8d4122ba14b8b12b5c4385~mv2.jpg	Beige gungstol i manchester med bokmedar, mot vit bakgrund
3dbd4f08	b379ce_8fe07755fbab42efa899fc943313aeb3~mv2.jpg	Gungstolen i ett ljust rum med en person som läser
3dbd4f08	b379ce_42228e9ce29048768e98776ba9ff5d25~mv2.jpg	Närbild på den beiga manchesterns lodräta kanaler på ryggen
3dbd4f08	b379ce_f5ba1954bae94d529236245dd2ca0713~mv2.jpg	Ryggens böjda överkant och armstödet sedda snett framifrån
3dbd4f08	b379ce_59d203bf40f14f4eb066fabf274e7544~mv2.jpg	Måttskiss: 98 × 71 cm golvyta, 101 cm höjd, rygg 73 × 66 cm
48432e48	b379ce_98f014b5aab3425390b2756f3cd4f364~mv2.jpg	Mörkgrå gungstol i sammetslook med rutstickad rygg, mot vit bakgrund
48432e48	b379ce_e707cc81b2444a2f8eb933588ffaefd4~mv2.jpg	Gungstolen i ett vardagsrum bredvid ett litet bord och en krukväxt
48432e48	b379ce_f210de98e083415780868be0c9aeafce~mv2.jpg	Närbild på den rutstickade ryggen i mörkgrå sammetslook
48432e48	b379ce_3c856a6814164b729ff8226d348778f7~mv2.jpg	Ryggens raka överkant och det låga armstödet sedda snett bakifrån
48432e48	b379ce_a7432a9c782b448b8369122722e11760~mv2.jpg	Måttskiss: 98 × 71 cm golvyta, 101 cm höjd och 47 cm sitthöjd
bde44d3c	b379ce_9188f79fbe3b42e3a4f92be275f4bd2e~mv2.jpg	Grå gungstol i teddytyg med svarta metallmedar, mot vit bakgrund
bde44d3c	b379ce_bf21febf344145869d222db87c980813~mv2.jpg	Gungstolen i ett vardagsrum med en person som läser
bde44d3c	b379ce_60c8db5d0f7a4e88a71b6882d7fecac8~mv2.jpg	Person som sitter i stolen, med sidofickan synlig på stolens sida
bde44d3c	b379ce_06d507081dc84ac89d7f1b00a031cf36~mv2.jpg	Närbild på det grå teddytyget som trycks ned med ett finger
bde44d3c	b379ce_1a9435d55f8644f8a854360f48b63d03~mv2.jpg	Måttskiss: 91 × 71 cm golvyta, 97 cm höjd och 41 × 49 cm sittyta
4f98b924	b379ce_edcb2335208644349155dbf6263efe9e~mv2.jpg	Gräddvit gungstol i teddytyg med knappad rygg och gummiträmedar, mot vit bakgrund
4f98b924	b379ce_7a96e07b8c814994a1f3f673be1fb6ab~mv2.jpg	Gungstolen i ett ljust rum med en person som sitter tillbakalutad
4f98b924	b379ce_441adb71c8bf43278b6781c738d00fc8~mv2.jpg	Närbild på den lösa ryggkudden i gräddvitt teddytyg
4f98b924	b379ce_dee8371cea694a6790684ccd43a33786~mv2.jpg	Närbild på ryggens knappar och teddytygets korta lugg
4f98b924	b379ce_f403c1b9916b4486b424e4eef6fe8cb1~mv2.jpg	Måttskiss: 92 × 69 cm golvyta, 100 cm höjd och 120 kg maxlast
dd4e1e06	b379ce_3343423dc1e64e6f8bd4f5c196c2808c~mv2.jpg	Ljusgrå gungstol i teddytyg med rutstickad rygg, mot vit bakgrund
dd4e1e06	b379ce_baf07cfdcd084281abeb0fea8e597f7b~mv2.jpg	Gungstolen i ett vardagsrum med gardiner och torkade blommor
dd4e1e06	b379ce_1b357488504b49ada7de1c58369a2242~mv2.jpg	Person som sitter i gungstolen och läser
dd4e1e06	b379ce_d6b0a3342aba42bab5c599c3227d71fa~mv2.jpg	Person som sitter i gungstolen med en kopp i handen
dd4e1e06	b379ce_174920328b1447289a25c2171c50af2b~mv2.jpg	Gungstolen sedd från sidan bredvid ett litet runt bord
b4441140	b379ce_eff960a6d26d4aaebaf1119fdb4935dd~mv2.jpg	Gräddvit gungstol i teddytyg med rutstickad rygg, mot vit bakgrund
b4441140	b379ce_59d74f625f094f08b7b124efe9f628e4~mv2.jpg	Gungstolen i ett ljust rum med en person som håller en kopp
b4441140	b379ce_18cdc95e246042fa994d667141fc7bae~mv2.jpg	Gungstolen bredvid en hylla i ett vardagsrum
b4441140	b379ce_7a5e8c54b42c423c9cc65a6d1acb81c3~mv2.jpg	Gungstolen sedd snett från sidan med medarna i bild
b4441140	b379ce_8cdab3b360bd4be4a7d4c7584fce0d0b~mv2.jpg	Måttskiss: 94 × 70 cm golvyta, 100 cm höjd och 120 kg maxlast
