3b8ab8da	1	b379ce_f70ad1aa273e4775bbe72923fac97c0b~mv2.jpg
3b8ab8da	2	b379ce_dcfcc9ada06743e0bb26c42a6a00e3da~mv2.jpg
3b8ab8da	3	b379ce_1c9984f1357444ecbcd01967dcf42228~mv2.jpg
3b8ab8da	4	b379ce_b69dd4d6f41243718904ff1d9945f60e~mv2.jpg
3b8ab8da	5	b379ce_8103fca64c9643049263aba9f3b70bf1~mv2.jpg
c7763271	1	b379ce_03e22e7cde9d429d89c84584003309a1~mv2.jpg
c7763271	2	b379ce_5c4b8a8a67c943558fe51a81c1c95dea~mv2.jpg
c7763271	3	b379ce_6f81bb7e85c846d083a06d762b2131ff~mv2.jpg
c7763271	4	b379ce_3080e5c90ee34ac8b210347fefc06ba8~mv2.jpg
c7763271	5	b379ce_c15325232e9945e6b3331a7822ed6858~mv2.jpg
f55f89b3	1	b379ce_5e6c37d4e9b342508ab9fca1ed718ae5~mv2.jpg
f55f89b3	2	b379ce_51798c0db630429a89c98d46178ce155~mv2.jpg
f55f89b3	3	b379ce_bba1827077c145fbac83f4add8fe4e31~mv2.jpg
f55f89b3	4	b379ce_c6c2fe9c25d347188b8c0532fcd65a9b~mv2.jpg
f55f89b3	5	b379ce_c1c44bd35821432f983edd76f7b5a5cf~mv2.jpg
2e0a7448	1	b379ce_ae904f4986144a17bea2a8f498def599~mv2.jpg
2e0a7448	2	b379ce_cd1b8eb0ef7f4caaab18bd17ecdbc80f~mv2.jpg
2e0a7448	3	b379ce_d8d6a63a415f4b0ea6c77015f50e5f74~mv2.jpg
2e0a7448	4	b379ce_28ffbb8842cf4f5ba03067bc7e5205ae~mv2.jpg
2e0a7448	5	b379ce_d45bc11a14b34daca651667d6b704fc6~mv2.jpg
ef062897	1	b379ce_3f6e2a9fe27a49ceb1f9712288a25e08~mv2.jpg
ef062897	2	b379ce_37c4bdb48f4f40afb1f0e62286732f44~mv2.jpg
ef062897	3	b379ce_9bb7329247a742c0ac6f4f88059aa418~mv2.jpg
ef062897	4	b379ce_fd29520d14ee4576bad406d22d8d6050~mv2.jpg
ef062897	5	b379ce_ed0b191c8c4d4aada6d98d4708b6d30b~mv2.jpg
c5f3914e	1	b379ce_3e63a416bdcd4b0f89bb60352dc2c95e~mv2.jpg
c5f3914e	2	b379ce_fd5a8ce2bde3439e852e0cd6ee4f1ed0~mv2.jpg
c5f3914e	3	b379ce_258b99226a4d472ea47ce99aaa8347d2~mv2.jpg
c5f3914e	4	b379ce_ffb644a749084f69bb2e8471bbc7b54b~mv2.jpg
c5f3914e	5	b379ce_d58a4c8796ed414c80ec996f8ca81c93~mv2.jpg
ac759277	1	b379ce_0900e09c37bd49bb96426ee198bb02b3~mv2.jpg
ac759277	2	b379ce_ef0b94f25069456d8341a724a8bd24dc~mv2.jpg
ac759277	3	b379ce_64f678f349bc4a1481c23effba3f7e0e~mv2.jpg
ac759277	4	b379ce_9e7381f663674a6f9f32816d731c2951~mv2.jpg
ac759277	5	b379ce_779acd5f5c044397abcae8138e70feac~mv2.jpg
ea02080f	1	b379ce_232a6b2cbdb546f78ec298db0475fb6b~mv2.jpg
ea02080f	2	b379ce_9deda38b823d4adcad1ff3bde3a1734a~mv2.jpg
ea02080f	3	b379ce_1be634b6aedf4e7c9d7b9e83ec3585ad~mv2.jpg
ea02080f	4	b379ce_ac4848936c8d457c80f161d14462c1e3~mv2.jpg
ea02080f	5	b379ce_bdad1dfce27f4ff0bbd837dade13af4a~mv2.jpg
