522103fd	1	b379ce_9dbb62bbb4f949babeda500978b71f0e~mv2.jpg
522103fd	2	b379ce_23a977d3f7604913945e012f9889978b~mv2.jpg
522103fd	3	b379ce_fb956c6dd1ad4216a4750aa4f22d47fe~mv2.jpg
522103fd	4	b379ce_f2c3b71546cd4ffc8e21c8b0652d58b0~mv2.jpg
522103fd	5	b379ce_d55ce63fe77c471daab38ad4c3b94873~mv2.jpg
505eb413	1	b379ce_c650787ee71d4fdebba2a7b3a3ba634c~mv2.jpg
505eb413	2	b379ce_53d4497310124a9b89fbb1466532f6f4~mv2.jpg
505eb413	3	b379ce_993f3b721fb94f75b45843254a3414f5~mv2.jpg
505eb413	4	b379ce_0c619f9705704923b534bff9a9eaeaaa~mv2.jpg
505eb413	5	b379ce_d00cce30535b4833b4e21724bb60ba72~mv2.jpg
d3d7b291	1	b379ce_b1bd0bc2c7394ee98cbbbd3ed908de55~mv2.jpg
d3d7b291	2	b379ce_56e4c02912a94ee183f50ca42b61bc18~mv2.jpg
d3d7b291	3	b379ce_cb959cd921db431687958ff55e47ca62~mv2.jpg
d3d7b291	4	b379ce_c8761a2ac2fd4adda1b592f4ae9b728d~mv2.jpg
d3d7b291	5	b379ce_205d57ff83274a5b89f4e7c54491496e~mv2.jpg
e140f9ab	1	b379ce_1cacc915d83b4dc883a953bd97848670~mv2.jpg
e140f9ab	2	b379ce_e6fb09888b794853b755eee6be1fb6ed~mv2.jpg
e140f9ab	3	b379ce_c19530157036423bb2b675a612febf9a~mv2.jpg
e140f9ab	4	b379ce_6f4cf3af0820425d8f331797360e6e8e~mv2.jpg
e140f9ab	5	b379ce_b3c501de614044c98a9eaa741a91b7ac~mv2.jpg
ed03b52f	1	b379ce_e35cf05aa7654af1a8f2623f2c4119ab~mv2.jpg
ed03b52f	2	b379ce_6b45bace37704cfeb5464a80a5230b39~mv2.jpg
ed03b52f	3	b379ce_ff5e6701454c4df097a99fbb6fda2ea8~mv2.jpg
ed03b52f	4	b379ce_0f56a21a8a6f4d8a92be2d3ab03ac37e~mv2.jpg
ed03b52f	5	b379ce_0a76298490ea42f9977de8de7c58fdfb~mv2.jpg
c79c22f7	1	b379ce_da9bde7a7c4d4cfabd27ab97a6c5a0de~mv2.jpg
c79c22f7	2	b379ce_52a9a9cb6a974256b826ae26d08156d2~mv2.jpg
c79c22f7	3	b379ce_d6579d30f6ae4d47944911811d4ede56~mv2.jpg
c79c22f7	4	b379ce_5a2a13eac8fb48b5a9e7fc807f842a4e~mv2.jpg
c79c22f7	5	b379ce_b41b09a564ab487682f527c54375bacb~mv2.jpg
7a4ec9c6	1	b379ce_ee51e796e9ad4844815e38c81c273258~mv2.jpg
7a4ec9c6	2	b379ce_d4a6791bcf234727a82ecba66ae99f9a~mv2.jpg
7a4ec9c6	3	b379ce_7d40f92c3aff4577a6c5b21a807df917~mv2.jpg
7a4ec9c6	4	b379ce_3708d148ee774ffeb61a8ad2410dfaab~mv2.jpg
7a4ec9c6	5	b379ce_ead09ffdde3547e3a7d4dc5c2a6610cf~mv2.jpg
297d8979	1	b379ce_63f6d947c36c4e7aaf5d33a6b54b60f2~mv2.jpg
297d8979	2	b379ce_f97342f796c8408fa1c0c6379adab93e~mv2.jpg
297d8979	3	b379ce_9d5939a31a0041049a48576fce92e8a1~mv2.jpg
297d8979	4	b379ce_21d45d7c01084ada8a40d03a4bda36fb~mv2.jpg
297d8979	5	b379ce_040c4821eba0457c9d3c3e424b9db459~mv2.jpg
